{
    "format_version": "1.16.100",
    "minecraft:item": {
      "description": {
        "identifier": "rnph:{PLAYERNAME}",
        "category": "equipment"
      },
      "components": {
        "minecraft:display_name" : {
            "value" : "item.rnph:{PLAYERNAME}.name"
        },
        "minecraft:icon" : {
          "texture": "{PLAYERNAME}"
        },
        "minecraft:render_offsets": "helmets",
        "minecraft:max_stack_size": 64,
        "minecraft:mining_speed": 6,
        "minecraft:armor": {
          "protection": 0
        },
        "minecraft:wearable": {
          "slot": "slot.armor.head"
        }
      }
    }
  }