{
  "format_version": "1.10.0",
  "minecraft:attachable": {
    "description": {
      "identifier": "rnph:{PLAYERNAME}",
      "materials": {
        "default": "armor",
        "enchanted": "armor_enchanted"
      },
      "textures": {
        "default": "textures/heads/{PLAYERNAME}"
      },
      "geometry": {
        "default": "geometry.rnph_head"
      },
      "scripts": {
        "parent_setup": "variable.helmet_layer_visible = 0.0;"
      },
      "render_controllers": [ "controller.render.rnph_head" ]
    }
  }
}
