{
	"format_version": "1.12.0",
	"minecraft:geometry": [
		{
			"description": {
				"identifier": "geometry.rnph_head",
				"texture_width": 64,
				"texture_height": 64,
				"visible_bounds_width": 2,
				"visible_bounds_height": 2.5,
				"visible_bounds_offset": [0, 0.75, 0]
			},
			"bones": [
				{
					"name": "head",
					"pivot": [0, 4, 0],
					"cubes": [
						{"origin": [-4, 4, -4], "size": [8, 8, 8], "inflate": 0.51, "uv": [0, 0]},
						{"origin": [-4, 4, -4], "size": [8, 8, 8], "inflate": 0.75, "uv": [32, 0]}
					]
				}
			]
		}
	]
}